"","GOMFID","Pvalue","OddsRatio","ExpCount","Count","Size","Term"
"1","GO:0005515",0.0158039703110612,0.623713288423487,37.4242321970975,26,664,"protein binding"
"2","GO:0008233",0.0220713356216452,0.322682926829268,8.62335470806615,3,153,"peptidase activity"
"3","GO:0140096",0.0364680698562627,0.60340498192045,22.9956125548431,15,408,"catalytic activity, acting on a protein"
"4","GO:0016787",0.0443745100577918,0.673133318294609,32.8025649679379,24,582,"hydrolase activity"
