"","GOBPID","Pvalue","OddsRatio","ExpCount","Count","Size","Term"
"1","GO:0016192",0.00355469453077802,0,5.35714285714286,0,105,"vesicle-mediated transport"
"2","GO:0006508",0.00486135328813983,0.203053931124107,8.8265306122449,2,173,"proteolysis"
"3","GO:0090304",0.0395782138208823,0.607142857142857,23.6734693877551,16,464,"nucleic acid metabolic process"
"4","GO:0009057",0.0409553198633672,0.192660550458716,4.79591836734694,1,94,"macromolecule catabolic process"
"5","GO:0050896",0.0444046728842617,0.476418378002088,11.5816326530612,6,227,"response to stimulus"
